,Name,AHA ID,Hospital ID,Address,City,State Name,State Abbrev,Zip Code,Latitude,Longitude,Search Location,Distance from Search Location,Phone,URL,Recognized in State,State Rank,Tied in State?,Region,Recognized in Region,Region Rank,Tied in Region?,Metro,Recognized in Metro,Metro Rank,Tied in Metro?,# of High Performing Adult Specialties,# of National Rankings (Adult),# of National Rankings (Pediatrics),Updated,Name (Specialty),Specialty ID,Specialty Score,Specialty Ranking,Specialty Ranking Tied?,Specialty Ranking Revoked?,Specialty Ranking Type,Updated_Spec
0,NYU Langone Hospitals,6212925,6212925,550 First Avenue,New York,New York,NY,10016-6402,40.7421,-73.9743,"New York, NY",,(212) 263-7300,https://health.usnews.com/best-hospitals/area/ny/nyu-langone-medical-center-6212925,,,,,,,,"New York, NY",True,1.0,False,0,14,3,2023-01-04 20:48:35.731110,Perlmutter Cancer Center at NYU Langone Hospitals,IHQCANC,62.9/100,19.0,False,False,adult,2023-01-04 20:29:21.680567
1,New York-Presbyterian Hospital-Columbia and Cornell,6210024,6210024,525 East 68th Street,New York,New York,NY,10065-4870,40.7647,-73.954,"New York, NY",,(877) 697-9355,https://health.usnews.com/best-hospitals/area/ny/new-york-presbyterian-university-hospital-of-columbia-and-cornell-6210024,,,,,,,,"New York, NY",True,2.0,False,1,14,10,2023-01-04 20:48:35.731110,New York-Presbyterian Hospital-Columbia and Cornell,IHQCANC,67.6/100,12.0,False,False,adult,2023-01-04 20:29:21.680567
2,Mount Sinai Hospital,6213140,6213140,One Gustave L Levy Place,New York,New York,NY,10029-0310,40.79,-73.9537,"New York, NY",,(212) 241-6500,https://health.usnews.com/best-hospitals/area/ny/mount-sinai-medical-center-6213140,,,,,,,,"New York, NY",True,3.0,False,1,11,3,2023-01-04 20:48:35.731110,Mount Sinai Hospital,IHQCANC,59.0/100,28.0,False,False,adult,2023-01-04 20:29:21.680567
3,Lenox Hill Hospital at Northwell Health,6212990,6212990,100 East 77th Street,New York,New York,NY,10075-1850,40.7738,-73.9608,"New York, NY",,(212) 434-2000,https://health.usnews.com/best-hospitals/area/ny/lenox-hill-hospital-6212990,,,,,,,,"New York, NY",True,4.0,False,2,9,0,2023-01-04 20:48:35.731110,Lenox Hill Hospital at Northwell Health,IHQCANC,54.1/100,50.0,False,False,adult,2023-01-04 20:29:21.680567
4,North Shore University Hospital at Northwell Health,6212357,6212357,300 Community Drive,Manhasset,New York,NY,11030-3816,40.7776,-73.7017,"New York, NY",,(516) 562-0100,https://health.usnews.com/best-hospitals/area/ny/north-shore-university-hospital-6212357,,,,,,,,"New York, NY",True,5.0,False,0,11,0,2023-01-04 20:48:35.731110,North Shore University Hospital at Northwell Health,IHQCANC,55.5/100,41.0,True,False,adult,2023-01-04 20:29:21.680567
5,St. Francis Hospital & Heart Center,6214410,6214410,100 Port Washington Boulevard,Roslyn,New York,NY,11576-1353,40.8043,-73.6705,"New York, NY",,(516) 562-6000,https://health.usnews.com/best-hospitals/area/ny/st-francis-hospital-6214410,,,,,,,,"New York, NY",True,6.0,False,4,5,0,2023-01-04 20:48:35.731110,St. Francis Hospital and Heart Center,IHQCANC,50.6/100,,,,adult,2023-01-04 20:29:21.680567
6,Long Island Jewish Medical Center at Northwell Health,6211680,6211680,270-05 76th Avenue,New Hyde Park,New York,NY,11040-1496,40.7532,-73.7069,"New York, NY",,(718) 470-7000,https://health.usnews.com/best-hospitals/area/ny/long-island-jewish-medical-center-6211680,,,,,,,,"New York, NY",True,7.0,True,4,6,9,2023-01-04 20:48:35.731110,Long Island Jewish Medical Center at Northwell Health,IHQCANC,53.3/100,,,,adult,2023-01-04 20:29:21.680567
7,Montefiore Medical Center,6213100,6213100,111 East 210th Street,Bronx,New York,NY,10467-2401,40.8808,-73.8795,"New York, NY",,(718) 920-4321,https://health.usnews.com/best-hospitals/area/ny/montefiore-medical-center-6213100,,,,,,,,"New York, NY",True,7.0,True,4,6,3,2023-01-04 20:48:35.731110,Montefiore Medical Center,IHQCANC,57.3/100,35.0,True,False,adult,2023-01-04 20:29:21.680567
8,Morristown Medical Center,6220680,6220680,100 Madison Avenue,Morristown,New Jersey,NJ,07960-6136,40.7895,-74.4656,"New York, NY",,(973) 971-5000,https://health.usnews.com/best-hospitals/area/nj/morristown-medical-center-6220680,,,,,,,,"New York, NY",True,9.0,False,4,3,0,2023-01-04 20:48:35.731110,Morristown Medical Center,IHQCANC,44.7/100,,,,adult,2023-01-04 20:29:21.680567
9,Hackensack University Medical Center at Hackensack Meridian Health,6220340,6220340,30 Prospect Avenue,Hackensack,New Jersey,NJ,07601-1914,40.8839,-74.0556,"New York, NY",,(551) 996-2000,https://health.usnews.com/best-hospitals/area/nj/hackensack-university-medical-center-6220340,,,,,,,,"New York, NY",True,10.0,False,4,4,1,2023-01-04 20:48:35.731110,Hackensack University Medical Center at Hackensack Meridian Health,IHQCANC,47.3/100,,,,adult,2023-01-04 20:29:21.680567
10,Stony Brook University Hospital,6214775,6214775,101 Nicolls Road,Stony Brook,New York,NY,11794-8410,40.9124,-73.1234,"New York, NY",,(631) 444-1077,https://health.usnews.com/best-hospitals/area/ny/stony-brook-university-hospital-6214775,,,,,,,,"New York, NY",True,11.0,False,1,2,0,2023-01-04 20:48:35.731110,Stony Brook University Hospital,IHQCANC,45.0/100,,,,adult,2023-01-04 20:29:21.680567
11,Huntington Hospital at Northwell Health,6211880,6211880,270 Park Avenue,Huntington,New York,NY,11743-2799,40.8793,-73.4159,"New York, NY",,(631) 351-2200,https://health.usnews.com/best-hospitals/area/ny/huntington-hospital-6211880,,,,,,,,"New York, NY",True,12.0,True,5,1,0,2023-01-04 20:48:35.731110,Huntington Hospital at Northwell Health,IHQCANC,36.1/100,,,,adult,2023-01-04 20:29:21.680567
12,New York-Presbyterian Brooklyn Methodist Hospital,6210555,6210555,506 Sixth Street,Brooklyn,New York,NY,11215-3609,40.668,-73.9794,"New York, NY",,(718) 780-3000,https://health.usnews.com/best-hospitals/area/ny/new-york-methodist-hospital-6210555,,,,,,,,"New York, NY",True,12.0,True,5,2,0,2023-01-04 20:48:35.731110,New York-Presbyterian Brooklyn Methodist Hospital,IHQCANC,37.3/100,,,,adult,2023-01-04 20:29:21.680567
13,Mount Sinai Morningside and Mount Sinai West Hospitals,6213335,6213335,1111 Amsterdam Avenue,New York,New York,NY,10025-1716,40.8056,-73.9613,"New York, NY",,(212) 523-4000,https://health.usnews.com/best-hospitals/area/ny/st-lukes-roosevelt-hospital-center-6213335,,,,,,,,"New York, NY",True,14.0,False,3,2,0,2023-01-04 20:48:35.731110,Mount Sinai Morningside and Mount Sinai West Hospitals,IHQCANC,45.1/100,,,,adult,2023-01-04 20:29:21.680567
14,South Shore University Hospital at Northwell Health,6210280,6210280,301 East Main Street,Bay Shore,New York,NY,11706-8458,40.7258,-73.2415,"New York, NY",,(631) 968-3000,https://health.usnews.com/best-hospitals/area/ny/southside-hospital-6210280,,,,,,,,"New York, NY",True,15.0,False,1,0,0,2023-01-04 20:48:35.731110,South Shore University Hospital at Northwell Health,IHQCANC,35.2/100,,,,adult,2023-01-04 20:29:21.680567
15,Valley Hospital,6221235,6221235,223 North Van Dien Avenue,Ridgewood,New Jersey,NJ,07450-2726,40.9836,-74.1007,"New York, NY",,(201) 447-8000,https://health.usnews.com/best-hospitals/area/nj/valley-hospital-6221235,,,,,,,,"New York, NY",True,16.0,True,1,0,0,2023-01-04 20:48:35.731110,Valley Hospital,IHQCANC,35.0/100,,,,adult,2023-01-04 20:29:21.680567
16,White Plains Hospital,6215330,6215330,41 East Post Road,White Plains,New York,NY,10601-4699,41.026,-73.7694,"New York, NY",,(914) 681-0600,https://health.usnews.com/best-hospitals/area/ny/white-plains-hospital-6215330,,,,,,,,"New York, NY",True,16.0,True,3,0,0,2023-01-04 20:48:35.731110,White Plains Hospital,IHQCANC,32.8/100,,,,adult,2023-01-04 20:29:21.680567
17,Mount Sinai Beth Israel Hospital,6212655,6212655,First Avenue and 16th Street,New York,New York,NY,10003-3803,40.7327,-73.9816,"New York, NY",,(212) 420-2000,https://health.usnews.com/best-hospitals/area/ny/beth-israel-medical-center-6212655,,,,,,,,"New York, NY",True,18.0,True,3,2,0,2023-01-04 20:48:35.731110,Mount Sinai Beth Israel Hospital,IHQCANC,43.1/100,,,,adult,2023-01-04 20:29:21.680567
18,Northern Westchester Hospital at Northwell Health,6212500,6212500,400 East Main Street,Mount Kisco,New York,NY,10549-3477,41.1968,-73.7257,"New York, NY",,(914) 666-1200,https://health.usnews.com/best-hospitals/area/ny/northern-westchester-hospital-6212500,,,,,,,,"New York, NY",True,18.0,True,4,0,0,2023-01-04 20:48:35.731110,Northern Westchester Hospital at Northwell Health,IHQCANC,33.7/100,,,,adult,2023-01-04 20:29:21.680567
19,Robert Wood Johnson University Hospital,6220920,6220920,1 Robert Wood Johnson Place,New Brunswick,New Jersey,NJ,08901-1928,40.4953,-74.4498,"New York, NY",,(732) 828-3000,https://health.usnews.com/best-hospitals/area/nj/robert-wood-johnson-university-hospital-6220920,,,,,,,,"New York, NY",True,20.0,False,2,0,0,2023-01-04 20:48:35.731110,Rutgers Cancer Institute of New Jersey/Robert Wood Johnson University Hospital,IHQCANC,47.6/100,,,,adult,2023-01-04 20:29:21.680567
20,Staten Island University Hospital at Northwell Health,6214735,6214735,475 Seaview Avenue,Staten Island,New York,NY,10305-3436,40.5839,-74.0867,"New York, NY",,(718) 226-9000,https://health.usnews.com/best-hospitals/area/ny/staten-island-university-hospital-6214735,,,,,,,,"New York, NY",True,21.0,False,3,0,0,2023-01-04 20:48:35.731110,Staten Island University Hospital at Northwell Health,IHQCANC,41.9/100,,,,adult,2023-01-04 20:29:21.680567
21,New York-Presbyterian Queens Hospital,6211595,6211595,56-45 Main Street,Flushing,New York,NY,11355-5045,40.7471,-73.8256,"New York, NY",,(718) 670-2000,https://health.usnews.com/best-hospitals/area/ny/new-york-hospital-queens-6211595,,,,,,,,"New York, NY",True,22.0,True,1,0,0,2023-01-04 20:48:35.731110,New York-Presbyterian Queens Hospital,IHQCANC,33.5/100,,,,adult,2023-01-04 20:29:21.680567
22,Overlook Medical Center,6221370,6221370,99 Beauvoir Avenue,Summit,New Jersey,NJ,07901-3533,40.7129,-74.3526,"New York, NY",,(908) 522-2000,https://health.usnews.com/best-hospitals/area/nj/overlook-medical-center-6221370,,,,,,,,"New York, NY",True,22.0,True,2,0,0,2023-01-04 20:48:35.731110,Overlook Medical Center,IHQCANC,36.6/100,,,,adult,2023-01-04 20:29:21.680567
23,Cooperman Barnabas Medical Center,6220800,6220800,94 Old Short Hills Rd,Livingston,New Jersey,NJ,07039-5672,40.7635,-74.3049,"New York, NY",,(973) 322-5000,https://health.usnews.com/best-hospitals/area/nj/st-barnabas-medical-center-6220800,,,,,,,,"New York, NY",True,24.0,True,1,0,0,2023-01-04 20:48:35.731110,Cooperman Barnabas Medical Center,IHQCANC,39.7/100,,,,adult,2023-01-04 20:29:21.680567
24,Englewood Hospital,6220280,6220280,350 Engle Street,Englewood,New Jersey,NJ,07631-1898,40.9042,-73.9687,"New York, NY",,(201) 894-3000,https://health.usnews.com/best-hospitals/area/nj/englewood-hospital-and-medical-center-6220280,,,,,,,,"New York, NY",True,24.0,True,1,0,0,2023-01-04 20:48:35.731110,Englewood Hospital,IHQCANC,34.9/100,,,,adult,2023-01-04 20:29:21.680567
25,Good Samaritan University Hospital,6215295,6215295,1000 Montauk Highway,West Islip,New York,NY,11795-4927,40.6941,-73.2942,"New York, NY",,(631) 376-3000,https://health.usnews.com/best-hospitals/area/ny/good-samaritan-hospital-medical-center-6215295,,,,,,,,"New York, NY",True,24.0,True,0,0,0,2023-01-04 20:48:35.731110,Good Samaritan University Hospital,IHQCANC,36.5/100,,,,adult,2023-01-04 20:29:21.680567
26,Jersey Shore University Medical Center at Hackensack Meridian Health,6220740,6220740,1945 Route 33,Neptune,New Jersey,NJ,07754-0397,40.2075,-74.0408,"New York, NY",,(732) 775-5500,https://health.usnews.com/best-hospitals/area/nj/jersey-shore-university-medical-center-6220740,,,,,,,,"New York, NY",True,24.0,True,0,0,1,2023-01-04 20:48:35.731110,Jersey Shore University Medical Center at Hackensack Meridian Health,IHQCANC,31.6/100,,,,adult,2023-01-04 20:29:21.680567
27,Penn Medicine Princeton Medical Center,6221190,6221190,One Plainsboro Road,Plainsboro,New Jersey,NJ,08536,40.3398191,-74.6240079,"New York, NY",,(609) 853-7000,https://health.usnews.com/best-hospitals/area/nj/university-medical-center-of-princeton-at-plainsboro-6221190,,,,,,,,"New York, NY",True,24.0,True,1,0,0,2023-01-04 20:48:35.731110,Penn Medicine Princeton Medical Center,IHQCANC,37.8/100,,,,adult,2023-01-04 20:29:21.680567
28,Ocean University Medical Center at Hackensack Meridian Health,6221170,6221170,425 Jack Martin Boulevard,Brick Township,New Jersey,NJ,08724-7732,40.0772,-74.131,"New York, NY",,(732) 840-2200,https://health.usnews.com/best-hospitals/area/nj/ocean-medical-center-6221170,,,,,,,,"New York, NY",True,29.0,False,0,0,0,2023-01-04 20:48:35.731110,Ocean University Medical Center at Hackensack Meridian Health,IHQCANC,34.4/100,,,,adult,2023-01-04 20:29:21.680567
29,Mount Sinai South Nassau Hospital,6213735,6213735,One Healthy Way,Oceanside,New York,NY,11572-1551,40.6512,-73.631,"New York, NY",,(516) 632-3000,https://health.usnews.com/best-hospitals/area/ny/south-nassau-communities-hospital-6213735,,,,,,,,"New York, NY",True,30.0,False,1,0,0,2023-01-04 20:48:35.731110,Mount Sinai South Nassau Hospital,IHQCANC,35.3/100,,,,adult,2023-01-04 20:29:21.680567
30,Maimonides Medical Center,6210747,6210747,4802 Tenth Avenue,Brooklyn,New York,NY,11219-2916,40.6395,-73.9984,"New York, NY",,(718) 283-6000,https://health.usnews.com/best-hospitals/area/ny/maimonides-medical-center-6210747,,,,,,,,"New York, NY",True,31.0,False,0,0,0,2023-01-04 20:48:35.731110,Maimonides Medical Center,IHQCANC,29.1/100,,,,adult,2023-01-04 20:29:21.680567
31,Arms Acres Hospital,6211215,6211215,75 Seminary Hill Road,Carmel,New York,NY,10512-1921,41.4135,-73.6762,"New York, NY",,(845) 225-3400,https://health.usnews.com/best-hospitals/area/ny/arms-acres-6211215,,,,,,,,"New York, NY",False,,False,0,0,0,2023-01-04 20:48:35.731110,,,,,,,,
32,Barnabas Health Behavioral Health Center,6220233,6220233,1691 Highway 9,Toms River,New Jersey,NJ,08754,40.012,-74.2147,"New York, NY",,(732) 914-1688,https://health.usnews.com/best-hospitals/area/nj/barnabas-health-behavioral-health-network-6220233,,,,,,,,"New York, NY",False,,False,0,0,0,2023-01-04 20:48:35.731110,,,,,,,,
33,Bayshore Medical Center at Hackensack Meridian Health,6220395,6220395,727 North Beers Street,Holmdel,New Jersey,NJ,07733-1598,40.4053,-74.1917,"New York, NY",,(732) 739-5900,https://health.usnews.com/best-hospitals/area/nj/bayshore-community-hospital-6220395,,,,,,,,"New York, NY",False,,False,0,0,0,2023-01-04 20:48:35.731110,,,,,,,,
34,Bergen New Bridge Medical Center,6221230,6221230,230 East Ridgewood Avenue,Paramus,New Jersey,NJ,07652-4142,40.9561,-74.063,"New York, NY",,(201) 967-4000,https://health.usnews.com/best-hospitals/area/nj/bergen-regional-medical-center-6221230,,,,,,,,"New York, NY",False,,False,0,0,0,2023-01-04 20:48:35.731110,,,,,,,,
35,Blythedale Children's Hospital,6215140,6215140,95 Bradhurst Avenue,Valhalla,New York,NY,10595-1697,41.0747,-73.7997,"New York, NY",,(914) 592-7555,https://health.usnews.com/best-hospitals/area/ny/blythedale-childrens-hospital-6215140,,,,,,,,"New York, NY",False,,False,0,0,0,2023-01-04 20:48:35.731110,,,,,,,,
36,Bristol-Myers Squibb Children's Hospital at RWJ University Hospital,6220920,PA6220920,1 Robert Wood Johnson Place,New Brunswick,New Jersey,NJ,08901-1928,40.4953,-74.4498,"New York, NY",,(732) 828-3000,https://health.usnews.com/best-hospitals/area/nj/bristol-myers-squibb-childrens-hospital-at-rwj-univ-hosp-PA6220920,,,,,,,,"New York, NY",False,,False,0,0,0,2023-01-04 20:48:35.731110,,,,,,,,
37,BronxCare Health System-Bronx,6212675,6212675,1276 Fulton Avenue,Bronx,New York,NY,10456-3499,40.8313,-73.9037,"New York, NY",,(718) 590-1800,https://health.usnews.com/best-hospitals/area/ny/bronx-lebanon-hospital-center-6212675,,,,,,,,"New York, NY",False,,False,0,0,0,2023-01-04 20:48:35.731110,,,,,,,,
38,Bronx Psychiatric Center,6212692,6212692,1500 Waters Place,Bronx,New York,NY,10461-2796,40.8478,-73.8397,"New York, NY",,(718) 931-0600,https://health.usnews.com/best-hospitals/area/ny/bronx-psychiatric-center-6212692,,,,,,,,"New York, NY",False,,False,0,0,0,2023-01-04 20:48:35.731110,,,,,,,,
39,Brookdale Hospital Medical Center,6210440,6210440,"125 Worth Street, 4th Fl Ste 418",New York,New York,NY,10013,40.7157,-74.0023,"New York, NY",,(718) 240-5000,https://health.usnews.com/best-hospitals/area/ny/brookdale-hospital-medical-center-6210440,,,,,,,,"New York, NY",False,,False,0,0,0,2023-01-04 20:48:35.731110,,,,,,,,
40,Brooklyn Hospital Center,6210545,6210545,121 DeKalb Avenue,Brooklyn,New York,NY,11201-5425,40.6898,-73.9779,"New York, NY",,(718) 250-8000,https://health.usnews.com/best-hospitals/area/ny/brooklyn-hospital-center-6210545,,,,,,,,"New York, NY",False,,False,0,0,0,2023-01-04 20:48:35.731110,,,,,,,,
41,Brunswick Psych Center,6210145,6210145,81 Louden Avenue,Amityville,New York,NY,11701-2736,40.6848,-73.4213,"New York, NY",,(631) 789-7421,https://health.usnews.com/best-hospitals/area/ny/brunswick-psych-center-6210145,,,,,,,,"New York, NY",False,,False,0,0,0,2023-01-04 20:48:35.731110,,,,,,,,
42,Burke Rehabilitation Hospital,6215315,6215315,785 Mamaroneck Avenue,White Plains,New York,NY,10605-2523,41.0166,-73.7521,"New York, NY",,(914) 597-2500,https://health.usnews.com/best-hospitals/area/ny/burke-rehabilitation-hospital-6215315,,,,,,,,"New York, NY",False,,False,0,0,0,2023-01-04 20:48:35.731110,,,,,,,,
43,Calvary Hospital,6212928,6212928,1740 Eastchester Road,Bronx,New York,NY,10461-2392,40.848,-73.8449,"New York, NY",,(718) 863-6900,https://health.usnews.com/best-hospitals/area/ny/calvary-hospital-6212928,,,,,,,,"New York, NY",False,,False,0,0,0,2023-01-04 20:48:35.731110,,,,,,,,
44,CareOne at Hacksensack University Medical Center at Pascack Valley,6220478,6220478,250 Old Hook Road,Westwood,New Jersey,NJ,07675-3123,40.9857,-74.0155,"New York, NY",,(201) 781-1555,https://health.usnews.com/best-hospitals/area/nj/careone-at-hacksensack-university-medical-center-at-pascack-valley-6220478,,,,,,,,"New York, NY",False,,False,0,0,0,2023-01-04 20:48:35.731110,,,,,,,,
45,CareOne at Trinitas Regional Medical Center,6229151,6229151,225 Williamson Street,Elizabeth,New Jersey,NJ,07202-3625,40.6598,-74.214,"New York, NY",,(908) 994-5288,https://health.usnews.com/best-hospitals/area/nj/careone-at-trinitas-regional-medical-center-6229151,,,,,,,,"New York, NY",False,,False,0,0,0,2023-01-04 20:48:35.731110,,,,,,,,
46,CarePoint Health Bayonne Medical Center,6220070,6220070,29th Street & Avenue E,Bayonne,New Jersey,NJ,07002-4699,40.6674,-74.112,"New York, NY",,(201) 858-5000,https://health.usnews.com/best-hospitals/area/nj/bayonne-medical-center-6220070,,,,,,,,"New York, NY",False,,False,0,0,0,2023-01-04 20:48:35.731110,,,,,,,,
47,CarePoint Health Christ Hospital,6220420,6220420,176 Palisade Avenue,Jersey City,New Jersey,NJ,07306-1196,40.7346,-74.0503,"New York, NY",,(201) 795-8200,https://health.usnews.com/best-hospitals/area/nj/christ-hospital-6220420,,,,,,,,"New York, NY",False,,False,0,0,0,2023-01-04 20:48:35.731110,,,,,,,,
48,CarePoint Health Hoboken University Medical Center,6220390,6220390,308 Willow Avenue,Hoboken,New Jersey,NJ,07030-3889,40.7411,-74.0341,"New York, NY",,(201) 418-1000,https://health.usnews.com/best-hospitals/area/nj/hoboken-university-medical-center-6220390,,,,,,,,"New York, NY",False,,False,0,0,0,2023-01-04 20:48:35.731110,,,,,,,,
49,CareWell Health Medical Center,6220240,6220240,300 Central Avenue,East Orange,New Jersey,NJ,07018-2897,40.7547,-74.2137,"New York, NY",,(973) 672-8400,https://health.usnews.com/best-hospitals/area/nj/east-orange-general-hospital-6220240,,,,,,,,"New York, NY",False,,False,0,0,0,2023-01-04 20:48:35.731110,,,,,,,,
50,Carrier Clinic at Hackensack Meridian Health-Belle Mead,6220090,6220090,252 County Route 601,Belle Mead,New Jersey,NJ,08502-0147,40.4673,-74.6824,"New York, NY",,(908) 281-1000,https://health.usnews.com/best-hospitals/area/nj/carrier-clinic-6220090,,,,,,,,"New York, NY",False,,False,0,0,0,2023-01-04 20:48:35.731110,,,,,,,,
51,CentraState Medical Center,6220322,6220322,901 West Main Street,Freehold,New Jersey,NJ,07728-2549,40.2368,-74.3131,"New York, NY",,(732) 431-2000,https://health.usnews.com/best-hospitals/area/nj/centrastate-medical-center-6220322,,,,,,,,"New York, NY",False,,False,0,0,0,2023-01-04 20:48:35.731110,CentraState Medical Center,IHQCANC,29.7/100,,,,adult,2023-01-04 20:29:21.680567
52,Children's Hospital at Downstate-University Hospital at Brooklyn,6210469,PA6210469,450 Clarkson Avenue,Brooklyn,New York,NY,11203-2012,40.6557,-73.9458,"New York, NY",,(718) 270-1000,https://health.usnews.com/best-hospitals/area/ny/suny-downstate-medical-center-university-hospital-PA6210469,,,,,,,,"New York, NY",False,,False,0,0,0,2023-01-04 20:48:35.731110,,,,,,,,
53,Children's Hospital at Monmouth Medical Center,6220560,PA6220560,300 Second Avenue,Long Branch,New Jersey,NJ,07740-6303,40.2951,-73.9856,"New York, NY",,(732) 222-5200,https://health.usnews.com/best-hospitals/area/nj/childrens-hospital-at-monmouth-medical-center-PA6220560,,,,,,,,"New York, NY",False,,False,0,0,0,2023-01-04 20:48:35.731110,,,,,,,,
54,Children's Hospital at Montefiore,6213100,PA6213100,111 East 210th Street,Bronx,New York,NY,10467-2401,40.8808,-73.8795,"New York, NY",,(718) 741-2426,https://health.usnews.com/best-hospitals/area/ny/childrens-hospital-at-montefiore-PA6213100,,,,,,,,"New York, NY",False,,False,0,0,3,2023-01-04 20:48:35.731110,,,,,,,,
55,Children's Hospital at St. Peter's University Hospital,6220950,PA6220950,254 Easton Avenue,New Brunswick,New Jersey,NJ,08901-1780,40.5015,-74.4595,"New York, NY",,(732) 745-8600,https://health.usnews.com/best-hospitals/area/nj/childrens-hospital-at-st-peters-university-hospital-PA6220950,,,,,,,,"New York, NY",False,,False,0,0,0,2023-01-04 20:48:35.731110,,,,,,,,
56,Children's Hospital of New Jersey at Newark Beth Israel Medical Center,6220820,PA6220820,201 Lyons Avenue at Osborne Terrace,Newark,New Jersey,NJ,07112-2027,40.7094,-74.2125,"New York, NY",,(973) 926-7000,https://health.usnews.com/best-hospitals/area/nj/childrens-hospital-of-new-jersey-at-newark-beth-israel-medical-center-PA6220820,,,,,,,,"New York, NY",False,,False,0,0,0,2023-01-04 20:48:35.731110,,,,,,,,
57,Children's Specialized Hospital,6221610,6221610,200 Somerset Street,New Brunswick,New Jersey,NJ,08901-1942,40.4948,-74.4517,"New York, NY",,(732) 258-7000,https://health.usnews.com/best-hospitals/area/nj/childrens-specialized-hospital-pseg-6221610,,,,,,,,"New York, NY",False,,False,0,0,0,2023-01-04 20:48:35.731110,,,,,,,,
58,Chilton Medical Center,6221175,6221175,97 West Parkway,Pompton Plains,New Jersey,NJ,07444-1696,40.9577,-74.3085,"New York, NY",,(973) 831-5000,https://health.usnews.com/best-hospitals/area/nj/chilton-hospital-6221175,,,,,,,,"New York, NY",False,,False,0,0,0,2023-01-04 20:48:35.731110,,,,,,,,
59,Christian Health-Wyckoff,6221640,6221640,301 Sicomac Avenue,Wyckoff,New Jersey,NJ,07481-2194,40.9813,-74.1724,"New York, NY",,(201) 848-5200,https://health.usnews.com/best-hospitals/area/nj/christian-health-care-center-6221640,,,,,,,,"New York, NY",False,,False,0,0,0,2023-01-04 20:48:35.731110,,,,,,,,
60,Clara Maass Medical Center,6220758,6220758,1 Clara Maass Drive,Belleville,New Jersey,NJ,07109,40.7857547,-74.17671915053191,"New York, NY",,(973) 450-2000,https://health.usnews.com/best-hospitals/area/nj/clara-maass-medical-center-6220758,,,,,,,,"New York, NY",False,,False,0,0,0,2023-01-04 20:48:35.731110,Clara Maass Medical Center,IHQCANC,26.0/100,,,,adult,2023-01-04 20:29:21.680567
61,Cohen Children's Medical Center,6211680,PA6211680,270-05 76th Avenue,New Hyde Park,New York,NY,11040-1496,40.7532,-73.7069,"New York, NY",,(718) 470-3000,https://health.usnews.com/best-hospitals/area/ny/steven-and-alexandra-cohen-childrens-medical-center-PA6211680,,,,,,,,"New York, NY",False,,False,0,0,9,2023-01-04 20:48:35.731110,,,,,,,,
62,Community Medical Center-Toms River,6221395,6221395,99 Route 37 West,Toms River,New Jersey,NJ,08755-6423,39.9643,-74.2157,"New York, NY",,(732) 557-8000,https://health.usnews.com/best-hospitals/area/nj/community-medical-center-6221395,,,,,,,,"New York, NY",False,,False,0,0,0,2023-01-04 20:48:35.731110,Community Medical Center-Toms River,IHQCANC,27.5/100,,,,adult,2023-01-04 20:29:21.680567
63,Cornerstone Behavioral Health Hospital of Union County,6220469,6220469,40 Watchung Way,Berkeley Heights,New Jersey,NJ,07922-2600,40.6651,-74.4218,"New York, NY",,(908) 771-5700,https://health.usnews.com/best-hospitals/area/nj/cornerstone-behavioral-health-hospital-of-union-county-6220469,,,,,,,,"New York, NY",False,,False,0,0,0,2023-01-04 20:48:35.731110,,,,,,,,
64,Cornerstone of Medical Arts Center Hospital,6213055,6213055,159-05 Union Turnpike,Fresh Meadows,New York,NY,11366-1950,40.7207,-73.8079,"New York, NY",,(212) 755-0200,https://health.usnews.com/best-hospitals/area/ny/cornerstone-of-medical-arts-center-hospital-6213055,,,,,,,,"New York, NY",False,,False,0,0,0,2023-01-04 20:48:35.731110,,,,,,,,
65,Creedmoor Psychiatric Center,6214150,6214150,79-25 Winchester Boulevard,Jamaica,New York,NY,11427-2128,40.7415,-73.7315,"New York, NY",,(718) 264-3600,https://health.usnews.com/best-hospitals/area/ny/creedmoor-psychiatric-center-6214150,,,,,,,,"New York, NY",False,,False,0,0,0,2023-01-04 20:48:35.731110,,,,,,,,
66,Encompass Health Rehabilitation Hospital of Toms River,6221385,6221385,14 Hospital Drive,Toms River,New Jersey,NJ,08755-6470,39.9626,-74.2176,"New York, NY",,(732) 244-3100,https://health.usnews.com/best-hospitals/area/nj/healthsouth-rehabilitation-hospital-of-toms-river-6221385,,,,,,,,"New York, NY",False,,False,0,0,0,2023-01-04 20:48:35.731110,,,,,,,,
67,Essex County Hospital Center,6220220,6220220,204 Grove Avenue,Cedar Grove,New Jersey,NJ,07009-1436,40.8519,-74.2341,"New York, NY",,(973) 571-2800,https://health.usnews.com/best-hospitals/area/nj/essex-county-hospital-center-6220220,,,,,,,,"New York, NY",False,,False,0,0,0,2023-01-04 20:48:35.731110,,,,,,,,
68,Flushing Hospital Medical Center,6211600,6211600,4500 Parsons Boulevard,Flushing,New York,NY,11355-2205,40.7553,-73.8167,"New York, NY",,(718) 670-5000,https://health.usnews.com/best-hospitals/area/ny/flushing-hospital-medical-center-6211600,,,,,,,,"New York, NY",False,,False,0,0,0,2023-01-04 20:48:35.731110,,,,,,,,
69,Four Winds Hospital-Katonah,6212080,6212080,800 Cross River Road,Katonah,New York,NY,10536-3549,41.2663,-73.6553,"New York, NY",,(914) 763-8151,https://health.usnews.com/best-hospitals/area/ny/four-winds-hospital-6212080,,,,,,,,"New York, NY",False,,False,0,0,0,2023-01-04 20:48:35.731110,,,,,,,,
70,Glen Cove Hospital at Northwell Health,6211660,6211660,101 St Andrews Lane,Glen Cove,New York,NY,11542-2254,40.8708,-73.6224,"New York, NY",,(516) 674-7300,https://health.usnews.com/best-hospitals/area/ny/glen-cove-hospital-6211660,,,,,,,,"New York, NY",False,,False,0,1,0,2023-01-04 20:48:35.731110,,,,,,,,
71,Good Samaritan Regional Medical Center-Suffern,6214765,6214765,255 Lafayette Avenue,Suffern,New York,NY,10901-4869,41.1115,-74.1354,"New York, NY",,(845) 368-5000,https://health.usnews.com/best-hospitals/area/ny/good-samaritan-hospital-6214765,,,,,,,,"New York, NY",False,,False,0,0,0,2023-01-04 20:48:35.731110,,,,,,,,
72,Goryeb Children's Hospital,6220680,PA6220680,100 Madison Avenue,Morristown,New Jersey,NJ,07960-6136,40.7895,-74.4656,"New York, NY",,(973) 971-5000,https://health.usnews.com/best-hospitals/area/nj/goryeb-childrens-hospital-morristown-nj-PA6220680,,,,,,,,"New York, NY",False,,False,0,0,0,2023-01-04 20:48:35.731110,,,,,,,,
73,Gracie Square Hospital,6212815,6212815,420 East 76th Street,New York,New York,NY,10021-3396,40.7697818,-73.9528543,"New York, NY",,(212) 988-4400,https://health.usnews.com/best-hospitals/area/ny/gracie-square-hospital-6212815,,,,,,,,"New York, NY",False,,False,0,0,0,2023-01-04 20:48:35.731110,,,,,,,,
74,Greystone Park Psychiatric Hospital,6220350,6220350,59 Koch Avenue,Morris Plains,New Jersey,NJ,07950-4400,40.8389,-74.5103,"New York, NY",,(973) 538-1800,https://health.usnews.com/best-hospitals/area/nj/greystone-park-psychiatric-hospital-6220350,,,,,,,,"New York, NY",False,,False,0,0,0,2023-01-04 20:48:35.731110,,,,,,,,
75,Hackensack Meridian Health JM Sanzari and K Hovnanian Children’s Hospitals,6220740,PA6220740,1945 Route 33,Neptune,New Jersey,NJ,07754-0397,40.2075,-74.0408,"New York, NY",,(732) 775-5500,https://health.usnews.com/best-hospitals/area/nj/k-hovnanian-childrens-hospital-at-jersey-shore-university-medical-center-PA6220740,,,,,,,,"New York, NY",False,,False,0,0,1,2023-01-04 20:48:35.731110,,,,,,,,
76,Hackensack Meridian Health JM Sanzari and K Hovnanian Children’s Hospitals,6220340,PA6220340,30 Prospect Avenue,Hackensack,New Jersey,NJ,07601-1914,40.8839,-74.0556,"New York, NY",,(844) 464-9355,https://health.usnews.com/best-hospitals/area/nj/joseph-m-sanzari-childrens-hospital-at-hackensack-university-medical-center-PA6220340,,,,,,,,"New York, NY",False,,False,0,0,1,2023-01-04 20:48:35.731110,,,,,,,,
77,Hassenfeld Children’s Hospital at NYU Langone,6212925,PA6212925,550 First Avenue,New York,New York,NY,10016-6402,40.7421,-73.9743,"New York, NY",,(212) 263-7300,https://health.usnews.com/best-hospitals/area/ny/nyu-childrens-hospital-PA6212925,,,,,,,,"New York, NY",False,,False,0,0,3,2023-01-04 20:48:35.731110,,,,,,,,
78,HealthSouth Rehabilitation Hospital of Tinton Falls,6220014,6220014,2 Centre Plaza,Tinton Falls,New Jersey,NJ,07724-9744,40.2827,-74.0797,"New York, NY",,(732) 460-5320,https://health.usnews.com/best-hospitals/area/nj/rehabilitation-hospital-of-tinton-falls-6220014,,,,,,,,"New York, NY",False,,False,0,0,0,2023-01-04 20:48:35.731110,,,,,,,,
79,Helen Hayes Hospital,6215290,6215290,Route 9W,West Haverstraw,New York,NY,10993-1127,41.2093,-73.9855,"New York, NY",,(845) 786-4000,https://health.usnews.com/best-hospitals/area/ny/helen-hayes-hospital-6215290,,,,,,,,"New York, NY",False,,False,0,0,0,2023-01-04 20:48:35.731110,,,,,,,,
80,Hersh Children’s Center at OMC,6221370,PA6221370,99 Beauvoir Avenue,Summit,New Jersey,NJ,07901-3533,40.7129,-74.3526,"New York, NY",,(908) 522-2000,https://health.usnews.com/best-hospitals/area/nj/hersh-childrens-center-at-omc-PA6221370,,,,,,,,"New York, NY",False,,False,0,0,0,2023-01-04 20:48:35.731110,,,,,,,,
81,Holy Name Medical Center,6221390,6221390,718 Teaneck Road,Teaneck,New Jersey,NJ,07666-4281,40.8831,-74.0107,"New York, NY",,(201) 833-3000,https://health.usnews.com/best-hospitals/area/nj/holy-name-medical-center-6221390,,,,,,,,"New York, NY",False,,False,0,0,0,2023-01-04 20:48:35.731110,Holy Name Medical Center,IHQCANC,35.7/100,,,,adult,2023-01-04 20:29:21.680567
82,Hospital for Special Surgery,6212900,6212900,535 East 70th Street,New York,New York,NY,10021-4898,40.765,-73.9526,"New York, NY",,(212) 606-1000,https://health.usnews.com/best-hospitals/area/ny/hospital-for-special-surgery-6212900,,,,,,,,"New York, NY",False,,False,0,2,1,2023-01-04 20:48:35.731110,,,,,,,,
83,Hudson County Meadowview Psychiatric Hospital,6220475,6220475,595 County Avenue,Secaucus,New Jersey,NJ,07094-2605,40.7831,-74.0588,"New York, NY",,(201) 369-5252,https://health.usnews.com/best-hospitals/area/nj/hudson-county-meadowview-psychiatric-hospital-6220475,,,,,,,,"New York, NY",False,,False,0,0,0,2023-01-04 20:48:35.731110,,,,,,,,
84,Hudson Regional Hospital,6221315,6221315,55 Meadowlands Parkway,Secaucus,New Jersey,NJ,07094-2977,40.7919,-74.0733,"New York, NY",,(201) 392-3100,https://health.usnews.com/best-hospitals/area/nj/meadowlands-hospital-medical-center-6221315,,,,,,,,"New York, NY",False,,False,0,0,0,2023-01-04 20:48:35.731110,,,,,,,,
85,Hunterdon Medical Center,6220295,6220295,2100 Wescott Drive,Flemington,New Jersey,NJ,08822-4604,40.5314,-74.861,"New York, NY",,(908) 788-6100,https://health.usnews.com/best-hospitals/area/nj/hunterdon-medical-center-6220295,,,,,,,,"New York, NY",False,,False,2,0,0,2023-01-04 20:48:35.731110,,,,,,,,
86,Interfaith Medical Center,6210665,6210665,1545 Atlantic Avenue,Brooklyn,New York,NY,11213-1122,40.6782,-73.9375,"New York, NY",,(718) 613-4000,https://health.usnews.com/best-hospitals/area/ny/interfaith-medical-center-6210665,,,,,,,,"New York, NY",False,,False,0,0,0,2023-01-04 20:48:35.731110,,,,,,,,
87,Jamaica Hospital Medical Center,6211980,6211980,8900 Van Wyck Expressway,Jamaica,New York,NY,11418-2832,40.7009,-73.816,"New York, NY",,(718) 206-6000,https://health.usnews.com/best-hospitals/area/ny/jamaica-hospital-medical-center-6211980,,,,,,,,"New York, NY",False,,False,0,0,0,2023-01-04 20:48:35.731110,,,,,,,,
88,James J. Peters Veterans Affairs Medical Center,6213580,6213580,130 West Kingsbridge Road,Bronx,New York,NY,10468-3904,40.869,-73.903,"New York, NY",,(718) 584-9000,https://health.usnews.com/best-hospitals/area/ny/james-j-peters-veterans-affairs-medical-center-6213580,,,,,,,,"New York, NY",False,,False,0,0,0,2023-01-04 20:48:35.731110,,,,,,,,
89,Jersey City Medical Center,6220435,6220435,355 Grand Street,Jersey City,New Jersey,NJ,07302,40.7166288,-74.0501232,"New York, NY",,(201) 915-2000,https://health.usnews.com/best-hospitals/area/nj/jersey-city-medical-center-6220435,,,,,,,,"New York, NY",False,,False,0,0,0,2023-01-04 20:48:35.731110,,,,,,,,
90,JFK Johnson Rehabilitation Institute at Hackensack Meridian Health-Edison,6220915,6220915,65 James Street,Edison,New Jersey,NJ,08818,40.5568,-74.3508,"New York, NY",,(732) 321-7050,https://health.usnews.com/best-hospitals/area/nj/jfk-johnson-rehabilitation-institute-6220915,,,,,,,,"New York, NY",False,,False,0,1,0,2023-01-04 20:48:35.731110,,,,,,,,
91,JFK University Medical Center at Hackensack Meridian Health,6220247,6220247,65 James Street,Edison,New Jersey,NJ,08818,40.5568,-74.3508,"New York, NY",,(732) 321-7000,https://health.usnews.com/best-hospitals/area/nj/jfk-medical-center-6220247,,,,,,,,"New York, NY",False,,False,0,0,0,2023-01-04 20:48:35.731110,JFK University Medical Center at Hackensack Meridian Health,IHQCANC,33.2/100,,,,adult,2023-01-04 20:29:21.680567
92,Johnson Rehabilitation Institute at Ocean University Medical Center,6220232,6220232,425 Jack Martin Boulevard,Brick,New Jersey,NJ,08724-7732,40.0772,-74.131,"New York, NY",,(732) 836-4500,https://health.usnews.com/best-hospitals/area/nj/shore-rehabilitation-institute-6220232,,,,,,,,"New York, NY",False,,False,0,0,0,2023-01-04 20:48:35.731110,,,,,,,,
93,Kessler Institute for Rehabilitation,6220253,6220253,1199 Pleasant Valley Way,West Orange,New Jersey,NJ,07052-1424,40.7857,-74.2772,"New York, NY",,(973) 731-3600,https://health.usnews.com/best-hospitals/area/nj/kessler-institute-for-rehabilitation-6220253,,,,,,,,"New York, NY",False,,False,0,1,0,2023-01-04 20:48:35.731110,,,,,,,,
94,Kindred Hospital-New Jersey Morris County,6220021,6220021,400 West Blackwell Street,Dover,New Jersey,NJ,07801-2525,40.8849,-74.576,"New York, NY",,(973) 537-3818,https://health.usnews.com/best-hospitals/area/nj/kindred-hospital-new-jersey-morris-county-6220021,,,,,,,,"New York, NY",False,,False,0,0,0,2023-01-04 20:48:35.731110,,,,,,,,
95,Kingsboro Psychiatric Center,6210510,6210510,681 Clarkson Avenue,Brooklyn,New York,NY,11203-2125,40.6563,-73.9383,"New York, NY",,(718) 221-7395,https://health.usnews.com/best-hospitals/area/ny/kingsboro-psychiatric-center-6210510,,,,,,,,"New York, NY",False,,False,0,0,0,2023-01-04 20:48:35.731110,,,,,,,,
96,Kirby Forensic Psychiatric Center,6210511,6210511,600 East 125th Street,New York,New York,NY,10035-6000,40.8017,-73.9311,"New York, NY",,(646) 672-5800,https://health.usnews.com/best-hospitals/area/ny/kirby-forensic-psychiatric-center-6210511,,,,,,,,"New York, NY",False,,False,0,0,0,2023-01-04 20:48:35.731110,,,,,,,,
97,Lerner Children’s Pavilion-Hospital for Special Surgery,6212900,PA6212900,535 East 70th Street,New York,New York,NY,10021-4898,40.765,-73.9526,"New York, NY",,(212) 606-1000,https://health.usnews.com/best-hospitals/area/ny/hospital-for-special-surgery-new-york-PA6212900,,,,,,,,"New York, NY",False,,False,0,0,1,2023-01-04 20:48:35.731110,,,,,,,,
98,Long Island Community Hospital,6213923,6213923,101 Hospital Road,Patchogue,New York,NY,11772-4897,40.7803,-72.9772,"New York, NY",,(631) 654-7100,https://health.usnews.com/best-hospitals/area/ny/brookhaven-memorial-hospital-medical-center-6213923,,,,,,,,"New York, NY",False,,False,0,0,0,2023-01-04 20:48:35.731110,,,,,,,,
99,Maimonides Infants and Children's Hospital of Brooklyn,6210747,PA6210747,4802 Tenth Avenue,Brooklyn,New York,NY,11219-2916,40.6395,-73.9984,"New York, NY",,(718) 283-6000,https://health.usnews.com/best-hospitals/area/ny/maimonides-infants-and-childrens-hospital-of-brooklyn-PA6210747,,,,,,,,"New York, NY",False,,False,0,0,0,2023-01-04 20:48:35.731110,,,,,,,,
100,Manhattan Psychiatric Center-Ward's Island,6212760,6212760,600 East 125th Street,New York,New York,NY,10035-6000,40.8017,-73.9311,"New York, NY",,(646) 672-6767,https://health.usnews.com/best-hospitals/area/ny/manhattan-psychiatric-center-wards-island-6212760,,,,,,,,"New York, NY",False,,False,0,0,0,2023-01-04 20:48:35.731110,,,,,,,,
101,Maria Fareri Children's Hospital at Westchester Medical Center,6215150,PA6215150,100 Woods Road,Valhalla,New York,NY,10595-1530,41.0862,-73.806,"New York, NY",,(914) 493-7000,https://health.usnews.com/best-hospitals/area/ny/maria-fareri-childrens-hospital-at-westchester-medical-center-PA6215150,,,,,,,,"New York, NY",False,,False,0,0,0,2023-01-04 20:48:35.731110,,,,,,,,
102,Matheny Medical and Educational Center,6221135,6221135,65 Highland Avenue,Peapack,New Jersey,NJ,07977,40.712,-74.6404,"New York, NY",,(908) 234-0011,https://health.usnews.com/best-hospitals/area/nj/matheny-medical-and-educational-center-6221135,,,,,,,,"New York, NY",False,,False,0,0,0,2023-01-04 20:48:35.731110,,,,,,,,
103,Mather Hospital at Northwell Health,6214050,6214050,75 North Country Road,Port Jefferson,New York,NY,11777-2190,40.94,-73.0548,"New York, NY",,(631) 473-1320,https://health.usnews.com/best-hospitals/area/ny/john-t-mather-memorial-hospital-6214050,,,,,,,,"New York, NY",False,,False,3,0,0,2023-01-04 20:48:35.731110,Mather Hospital at Northwell Health,IHQCANC,30.1/100,,,,adult,2023-01-04 20:29:21.680567
104,McMullen Children’s Center at Saint Barnabas Medical Center,6220800,PA6220800,94 Old Short Hills Rd,Livingston,New Jersey,NJ,07039-5672,40.7635,-74.3049,"New York, NY",,(973) 322-5000,https://health.usnews.com/best-hospitals/area/nj/saint-barnabas-childrens-center-PA6220800,,,,,,,,"New York, NY",False,,False,0,0,0,2023-01-04 20:48:35.731110,,,,,,,,
105,Memorial Sloan Kettering Cancer Center,6213060,6213060,1275 York Avenue,New York,New York,NY,10065-6007,40.7641,-73.956,"New York, NY",,(212) 639-2000,https://health.usnews.com/best-hospitals/area/ny/memorial-sloan-kettering-cancer-center-6213060,,,,,,,,"New York, NY",False,,False,1,7,1,2023-01-04 20:48:35.731110,Memorial Sloan Kettering Cancer Center,IHQCANC,85.7/100,2.0,False,False,adult,2023-01-04 20:29:21.680567
106,Mercy Hospital-Rockville Centre,6214360,6214360,1000 North Village Avenue,Rockville Centre,New York,NY,11570-1000,40.6859,-73.6335,"New York, NY",,(516) 626-3729,https://health.usnews.com/best-hospitals/area/ny/mercy-medical-center-6214360,,,,,,,,"New York, NY",False,,False,0,0,0,2023-01-04 20:48:35.731110,Mercy Hospital-Rockville Centre,IHQCANC,22.6/100,,,,adult,2023-01-04 20:29:21.680567
107,Monmouth Medical Center-Long Branch Campus,6220560,6220560,300 Second Avenue,Long Branch,New Jersey,NJ,07740-6303,40.2951,-73.9856,"New York, NY",,(732) 222-5200,https://health.usnews.com/best-hospitals/area/nj/monmouth-medical-center-6220560,,,,,,,,"New York, NY",False,,False,0,0,0,2023-01-04 20:48:35.731110,Monmouth Medical Center-Long Branch Campus,IHQCANC,35.2/100,,,,adult,2023-01-04 20:29:21.680567
108,"Monmouth Medical Center, Southern Campus",6220540,6220540,600 River Avenue,Lakewood,New Jersey,NJ,08701-5237,40.073,-74.2187,"New York, NY",,(732) 363-1900,https://health.usnews.com/best-hospitals/area/nj/kimball-medical-center-6220540,,,,,,,,"New York, NY",False,,False,0,0,0,2023-01-04 20:48:35.731110,,,,,,,,
109,Montefiore Mount Vernon Hospital,6212530,6212530,12 North Seventh Avenue,Mount Vernon,New York,NY,10550-2098,40.9126,-73.8404,"New York, NY",,(914) 664-8000,https://health.usnews.com/best-hospitals/area/ny/mount-vernon-hospital-6212530,,,,,,,,"New York, NY",False,,False,0,0,0,2023-01-04 20:48:35.731110,,,,,,,,
110,Montefiore New Rochelle Hospital,6212600,6212600,16 Guion Place,New Rochelle,New York,NY,10801-5502,40.9129,-73.7875,"New York, NY",,(914) 632-5000,https://health.usnews.com/best-hospitals/area/ny/sound-shore-medical-center-6212600,,,,,,,,"New York, NY",False,,False,0,0,0,2023-01-04 20:48:35.731110,,,,,,,,
111,Montefiore Nyack Hospital,6213720,6213720,160 North Midland Avenue,Nyack,New York,NY,10960-1998,41.096,-73.9261,"New York, NY",,(845) 348-2000,https://health.usnews.com/best-hospitals/area/ny/nyack-hospital-6213720,,,,,,,,"New York, NY",False,,False,0,0,0,2023-01-04 20:48:35.731110,,,,,,,,
112,Mountainside Medical Center at Hackensack Meridian Health,6220650,6220650,1 Bay Avenue,Montclair,New Jersey,NJ,07042-4898,40.8101,-74.2056,"New York, NY",,(973) 429-6000,https://health.usnews.com/best-hospitals/area/nj/hackensack-umc-mountainside-6220650,,,,,,,,"New York, NY",False,,False,0,0,0,2023-01-04 20:48:35.731110,,,,,,,,
113,Mount Sinai Kravis Children's Hospital,6213140,PA6213140,One Gustave L Levy Place,New York,New York,NY,10029-0310,40.79,-73.9537,"New York, NY",,(212) 241-9500,https://health.usnews.com/best-hospitals/area/ny/mount-sinai-kravis-childrens-hospital-PA6213140,,,,,,,,"New York, NY",False,,False,0,0,3,2023-01-04 20:48:35.731110,,,,,,,,
114,MSK Kids at Memorial Sloan Kettering Cancer Center,6213060,PA6213060,1275 York Avenue,New York,New York,NY,10065-6007,40.7641,-73.956,"New York, NY",,(212) 639-2000,https://health.usnews.com/best-hospitals/area/ny/claire-tow-pediatric-pavilionat-memorial-sloan-kettering-cancer-center-new-york-PA6213060,,,,,,,,"New York, NY",False,,False,0,0,1,2023-01-04 20:48:35.731110,,,,,,,,
115,Nassau University Medical Center,6211810,6211810,2201 Hempstead Turnpike,East Meadow,New York,NY,11554-1859,40.7262,-73.5537,"New York, NY",,(516) 572-0123,https://health.usnews.com/best-hospitals/area/ny/nassau-university-medical-center-6211810,,,,,,,,"New York, NY",False,,False,0,0,0,2023-01-04 20:48:35.731110,,,,,,,,
116,Newark Beth Israel Medical Center,6220820,6220820,201 Lyons Avenue at Osborne Terrace,Newark,New Jersey,NJ,07112-2027,40.7094,-74.2125,"New York, NY",,(973) 926-7000,https://health.usnews.com/best-hospitals/area/nj/newark-beth-israel-medical-center-6220820,,,,,,,,"New York, NY",False,,False,0,0,0,2023-01-04 20:48:35.731110,Newark Beth Israel Medical Center,IHQCANC,32.5/100,,,,adult,2023-01-04 20:29:21.680567
117,Newton Medical Center,6220990,6220990,175 High Street,Newton,New Jersey,NJ,07860-1004,41.0576,-74.7684,"New York, NY",,(973) 383-2121,https://health.usnews.com/best-hospitals/area/nj/newton-medical-center-6220990,,,,,,,,"New York, NY",False,,False,0,0,0,2023-01-04 20:48:35.731110,,,,,,,,
118,New York City Children's Center,6210325,6210325,74-03 Commonwealth Boulevard,Jamaica,New York,NY,11426-1890,40.7458,-73.7265,"New York, NY",,(718) 264-4506,https://health.usnews.com/best-hospitals/area/ny/queens-childrens-psychiatric-center-6210325,,,,,,,,"New York, NY",False,,False,0,0,0,2023-01-04 20:48:35.731110,,,,,,,,
119,New York Community Hospital,6210740,6210740,2525 Kings Highway,Brooklyn,New York,NY,11229-1705,40.6139,-73.9486,"New York, NY",,(718) 692-5300,https://health.usnews.com/best-hospitals/area/ny/new-york-community-hospital-6210740,,,,,,,,"New York, NY",False,,False,0,0,0,2023-01-04 20:48:35.731110,,,,,,,,
120,New York Eye and Ear Infirmary of Mount Sinai,6213190,6213190,310 East 14th Street,New York,New York,NY,10003-4201,40.7319,-73.9846,"New York, NY",,(212) 979-4000,https://health.usnews.com/best-hospitals/area/ny/new-york-eye-and-ear-infirmary-6213190,,,,,,,,"New York, NY",False,,False,0,1,0,2023-01-04 20:48:35.731110,,,,,,,,
121,New York-Presbyterian Hospital-Columbia and Cornell,6210024,PA6210024,525 East 68th Street,New York,New York,NY,10065-4870,40.7647,-73.954,"New York, NY",,(212) 305-5437,https://health.usnews.com/best-hospitals/area/ny/new-york-presbyterian-morgan-stanley-komansky-childrens-hospital-PA6210024,,,,,,,,"New York, NY",False,,False,0,0,10,2023-01-04 20:48:35.731110,,,,,,,,
122,New York-Presbyterian-Hudson Valley Hospital,6213930,6213930,1980 Crompond Road,Cortlandt Manor,New York,NY,10567-4182,41.2926,-73.8926,"New York, NY",,(914) 737-9000,https://health.usnews.com/best-hospitals/area/ny/hudson-valley-hospital-center-6213930,,,,,,,,"New York, NY",False,,False,0,0,0,2023-01-04 20:48:35.731110,,,,,,,,
123,New York State Psychiatric Institute,6213270,6213270,1051 Riverside Drive,New York,New York,NY,10032-1007,40.8426,-73.9446,"New York, NY",,(212) 543-5000,https://health.usnews.com/best-hospitals/area/ny/new-york-state-psychiatric-institute-6213270,,,,,,,,"New York, NY",False,,False,0,0,0,2023-01-04 20:48:35.731110,,,,,,,,
124,Northport Veterans Affairs Medical Center,6213690,6213690,79 Middleville Road,Northport,New York,NY,11768-2200,40.8937,-73.3088,"New York, NY",,(631) 261-4400,https://health.usnews.com/best-hospitals/area/ny/northport-veterans-affairs-medical-center-6213690,,,,,,,,"New York, NY",False,,False,0,0,0,2023-01-04 20:48:35.731110,,,,,,,,
125,NYC Health and Hospitals-Bellevue,6212630,6212630,462 First Avenue,New York,New York,NY,10016-9198,40.7392,-73.9755,"New York, NY",,(212) 562-4141,https://health.usnews.com/best-hospitals/area/ny/bellevue-hospital-center-6212630,,,,,,,,"New York, NY",False,,False,2,0,0,2023-01-04 20:48:35.731110,,,,,,,,
126,NYC Health and Hospitals-Coney Island,6210570,6210570,2601 Ocean Parkway,Brooklyn,New York,NY,11235-7795,40.5855,-73.9656,"New York, NY",,(718) 616-3000,https://health.usnews.com/best-hospitals/area/ny/coney-island-hospital-6210570,,,,,,,,"New York, NY",False,,False,0,0,0,2023-01-04 20:48:35.731110,,,,,,,,
127,NYC Health and Hospitals-Elmhurst,6213180,6213180,Health Sciences Library,Elmhurst,New York,NY,11373-1329,40.7445,-73.8863,"New York, NY",,(718) 334-4000,https://health.usnews.com/best-hospitals/area/ny/elmhurst-hospital-center-6213180,,,,,,,,"New York, NY",False,,False,1,0,0,2023-01-04 20:48:35.731110,,,,,,,,
128,NYC Health and Hospitals-Harlem,6212830,6212830,506 Lenox Avenue,New York,New York,NY,10037-1802,40.8141,-73.9398,"New York, NY",,(212) 939-1000,https://health.usnews.com/best-hospitals/area/ny/harlem-hospital-center-6212830,,,,,,,,"New York, NY",False,,False,0,0,0,2023-01-04 20:48:35.731110,,,,,,,,
129,NYC Health and Hospitals-Henry J Carter Specialty Hospital and Medical Center,6210036,6210036,1752 Park Avenue,New York,New York,NY,10035,40.8030225,-73.9411667,"New York, NY",,(646) 686-0000,https://health.usnews.com/best-hospitals/area/ny/coler-goldwater-specialty-hospital-and-nursing-facility-6210036,,,,,,,,"New York, NY",False,,False,0,0,0,2023-01-04 20:48:35.731110,,,,,,,,
130,NYC Health and Hospitals-Jacobi,6212700,6212700,1400 Pelham Parkway South,Bronx,New York,NY,10461-1197,40.8547,-73.8464,"New York, NY",,(718) 918-5000,https://health.usnews.com/best-hospitals/area/ny/jacobi-medical-center-6212700,,,,,,,,"New York, NY",False,,False,0,0,0,2023-01-04 20:48:35.731110,,,,,,,,
131,NYC Health and Hospitals-Kings County,6210690,6210690,451 Clarkson Avenue,Brooklyn,New York,NY,11203-2054,40.6567,-73.9462,"New York, NY",,(718) 245-3131,https://health.usnews.com/best-hospitals/area/ny/kings-county-hospital-center-6210690,,,,,,,,"New York, NY",False,,False,0,0,0,2023-01-04 20:48:35.731110,,,,,,,,
132,NYC Health and Hospitals-Lincoln,6213010,6213010,234 East 149th Street,Bronx,New York,NY,10451-5504,40.8169,-73.9244,"New York, NY",,(718) 579-5000,https://health.usnews.com/best-hospitals/area/ny/lincoln-medical-and-mental-health-center-6213010,,,,,,,,"New York, NY",False,,False,0,0,0,2023-01-04 20:48:35.731110,,,,,,,,
133,NYC Health and Hospitals-Metropolitan,6213070,6213070,1901 First Avenue,New York,New York,NY,10029-7404,40.7852,-73.945,"New York, NY",,(212) 423-6262,https://health.usnews.com/best-hospitals/area/ny/metropolitan-hospital-center-6213070,,,,,,,,"New York, NY",False,,False,0,0,0,2023-01-04 20:48:35.731110,,,,,,,,
134,NYC Health and Hospitals-North Central Bronx,6210395,6210395,3424 Kossuth Avenue,Bronx,New York,NY,10467-2489,40.8804,-73.8809,"New York, NY",,(718) 519-5000,https://health.usnews.com/best-hospitals/area/ny/north-central-bronx-hospital-6210395,,,,,,,,"New York, NY",False,,False,0,0,0,2023-01-04 20:48:35.731110,,,,,,,,
135,NYC Health and Hospitals-Queens,6212010,6212010,82-68 164th Street,Jamaica,New York,NY,11432-1104,40.7172,-73.8035,"New York, NY",,(718) 883-3000,https://health.usnews.com/best-hospitals/area/ny/queens-hospital-center-6212010,,,,,,,,"New York, NY",False,,False,0,0,0,2023-01-04 20:48:35.731110,,,,,,,,
136,NYC Health and Hospitals-Woodhull,6210965,6210965,760 Broadway,Brooklyn,New York,NY,11206-5383,40.7004,-73.9418,"New York, NY",,(718) 963-8000,https://health.usnews.com/best-hospitals/area/ny/woodhull-medical-and-mental-health-center-6210965,,,,,,,,"New York, NY",False,,False,0,0,0,2023-01-04 20:48:35.731110,,,,,,,,
137,Ossining Correctional Facilities Hospital,6213880,6213880,354 Hunter Street,Ossining,New York,NY,10562-5498,41.1535,-73.868,"New York, NY",,(914) 941-0108,https://health.usnews.com/best-hospitals/area/ny/ossining-correctional-facilities-hospital-6213880,,,,,,,,"New York, NY",False,,False,0,0,0,2023-01-04 20:48:35.731110,,,,,,,,
138,Palisades Medical Center at Hackensack Meridian Health,6220425,6220425,7600 River Road,North Bergen,New Jersey,NJ,07047-6217,40.7938,-73.9964,"New York, NY",,(201) 854-5000,https://health.usnews.com/best-hospitals/area/nj/palisades-medical-center-6220425,,,,,,,,"New York, NY",False,,False,0,0,0,2023-01-04 20:48:35.731110,,,,,,,,
139,Pascack Valley Medical Center at Hackensack Meridian Health,6221618,6221618,250 Old Hook Road,Westwood,New Jersey,NJ,07675-3123,40.9857,-74.0155,"New York, NY",,(201) 383-1035,https://health.usnews.com/best-hospitals/area/nj/hackensack-university-medical-center-at-pascack-valley-6221618,,,,,,,,"New York, NY",False,,False,0,0,0,2023-01-04 20:48:35.731110,,,,,,,,
140,Peconic Bay Medical Center at Northwell Health,6214195,6214195,1300 Roanoke Avenue,Riverhead,New York,NY,11901-2031,40.9344,-72.6736,"New York, NY",,(631) 548-6000,https://health.usnews.com/best-hospitals/area/ny/peconic-bay-medical-center-6214195,,,,,,,,"New York, NY",False,,False,0,0,0,2023-01-04 20:48:35.731110,,,,,,,,
141,Phelps Memorial Hospital Center at Northwell Health,6213870,6213870,701 North Broadway,Sleepy Hollow,New York,NY,10591-1020,41.1088,-73.8633,"New York, NY",,(914) 366-3000,https://health.usnews.com/best-hospitals/area/ny/phelps-memorial-hospital-center-6213870,,,,,,,,"New York, NY",False,,False,2,0,0,2023-01-04 20:48:35.731110,Phelps Memorial Hospital Center at Northwell Health,IHQCANC,43.3/100,,,,adult,2023-01-04 20:29:21.680567
142,Pilgrim Psychiatric Center,6211812,6211812,998 Crooked Hill Road,Brentwood,New York,NY,11717-1019,40.7965,-73.2815,"New York, NY",,(631) 761-3500,https://health.usnews.com/best-hospitals/area/ny/pilgrim-psychiatric-center-6211812,,,,,,,,"New York, NY",False,,False,0,0,0,2023-01-04 20:48:35.731110,,,,,,,,
143,Plainview Hospital at Northwell Health,6213977,6213977,888 Old Country Road,Plainview,New York,NY,11803-4978,40.7751,-73.4787,"New York, NY",,(516) 719-3000,https://health.usnews.com/best-hospitals/area/ny/north-shore-university-hospital-at-plainview-6213977,,,,,,,,"New York, NY",False,,False,0,0,0,2023-01-04 20:48:35.731110,,,,,,,,
144,Putnam Hospital,6211200,6211200,670 Stoneleigh Avenue,Carmel,New York,NY,10512-3997,41.3832,-73.6637,"New York, NY",,(845) 279-5711,https://health.usnews.com/best-hospitals/area/ny/putnam-hospital-center-6211200,,,,,,,,"New York, NY",False,,False,0,0,0,2023-01-04 20:48:35.731110,,,,,,,,
145,Raritan Bay and Old Bridge Medical Centers at Hackensack Meridian Health,6221140,6221140,530 New Brunswick Avenue,Perth Amboy,New Jersey,NJ,08861-3654,40.5188,-74.2819,"New York, NY",,(732) 442-3700,https://health.usnews.com/best-hospitals/area/nj/raritan-bay-medical-center-6221140,,,,,,,,"New York, NY",False,,False,0,0,0,2023-01-04 20:48:35.731110,,,,,,,,
146,Richmond University Medical Center,6210025,6210025,355 Bard Avenue,Staten Island,New York,NY,10310-1664,40.6358,-74.106,"New York, NY",,(718) 818-1234,https://health.usnews.com/best-hospitals/area/ny/richmond-university-medical-center-6210025,,,,,,,,"New York, NY",False,,False,0,0,0,2023-01-04 20:48:35.731110,,,,,,,,
147,Riverview Medical Center at Hackensack Meridian Health,6221220,6221220,1 Riverview Plaza,Red Bank,New Jersey,NJ,07701-1864,40.3539,-74.0632,"New York, NY",,(732) 741-2700,https://health.usnews.com/best-hospitals/area/nj/riverview-medical-center-6221220,,,,,,,,"New York, NY",False,,False,0,0,0,2023-01-04 20:48:35.731110,Riverview Medical Center at Hackensack Meridian Health,IHQCANC,32.9/100,,,,adult,2023-01-04 20:29:21.680567
148,Robert Wood Johnson University Hospital Rahway,6221210,6221210,865 Stone Street,Rahway,New Jersey,NJ,07065-2797,40.6131,-74.2909,"New York, NY",,(732) 381-4200,https://health.usnews.com/best-hospitals/area/nj/robert-wood-johnson-university-hospital-rahway-6221210,,,,,,,,"New York, NY",False,,False,0,0,0,2023-01-04 20:48:35.731110,,,,,,,,
149,Robert Wood Johnson University Hospital Somerset,6221340,6221340,110 Rehill Avenue,Somerville,New Jersey,NJ,08876-2598,40.568,-74.5949,"New York, NY",,(908) 685-2200,https://health.usnews.com/best-hospitals/area/nj/robert-wood-johnson-university-hospital-somerset-6221340,,,,,,,,"New York, NY",False,,False,0,0,0,2023-01-04 20:48:35.731110,Robert Wood Johnson University Hospital Somerset,IHQCANC,25.5/100,,,,adult,2023-01-04 20:29:21.680567
150,Rockefeller University Hospital,6212910,6212910,1230 York Avenue,New York,New York,NY,10065-6399,40.7629,-73.9558,"New York, NY",,(212) 327-8000,https://health.usnews.com/best-hospitals/area/ny/rockefeller-university-hospital-6212910,,,,,,,,"New York, NY",False,,False,0,0,0,2023-01-04 20:48:35.731110,,,,,,,,
151,Rockland Children's Psychiatric Center,6213855,6213855,599 Convent Road,Orangeburg,New York,NY,10962-1162,41.0545,-73.9774,"New York, NY",,(845) 359-7400,https://health.usnews.com/best-hospitals/area/ny/rockland-childrens-psychiatric-center-6213855,,,,,,,,"New York, NY",False,,False,0,0,0,2023-01-04 20:48:35.731110,,,,,,,,
152,Rockland Psychiatric Center,6213860,6213860,140 Old Orangeburg Road,Orangeburg,New York,NY,10962-1157,41.0444,-73.9686,"New York, NY",,(845) 359-1000,https://health.usnews.com/best-hospitals/area/ny/rockland-psychiatric-center-6213860,,,,,,,,"New York, NY",False,,False,0,0,0,2023-01-04 20:48:35.731110,,,,,,,,
153,Sagamore Children's Psychiatric Center,6212435,6212435,197 Half Hollow Road,Dix Hills,New York,NY,11746-5861,40.7937,-73.3841,"New York, NY",,(631) 370-1700,https://health.usnews.com/best-hospitals/area/ny/sagamore-childrens-psychiatric-center-6212435,,,,,,,,"New York, NY",False,,False,0,0,0,2023-01-04 20:48:35.731110,,,,,,,,
154,Saint Michael's Medical Center,6220890,6220890,111 Central Avenue,Newark,New Jersey,NJ,07102-1909,40.7439,-74.1744,"New York, NY",,(973) 877-5549,https://health.usnews.com/best-hospitals/area/nj/st-michaels-medical-center-6220890,,,,,,,,"New York, NY",False,,False,0,0,0,2023-01-04 20:48:35.731110,,,,,,,,
155,Select Specialty Hospital-Northeast New Jersey,6220024,6220024,96 Parkway,Rochelle Park,New Jersey,NJ,07662-4200,40.8977,-74.0741,"New York, NY",,(201) 221-2358,https://health.usnews.com/best-hospitals/area/nj/select-specialty-hospital-northeast-new-jersey-6220024,,,,,,,,"New York, NY",False,,False,0,0,0,2023-01-04 20:48:35.731110,,,,,,,,
156,South Beach Psychiatric Center,6214690,6214690,777 Seaview Avenue,Staten Island,New York,NY,10305-3409,40.5819,-74.0805,"New York, NY",,(718) 667-2300,https://health.usnews.com/best-hospitals/area/ny/south-beach-psychiatric-center-6214690,,,,,,,,"New York, NY",False,,False,0,0,0,2023-01-04 20:48:35.731110,,,,,,,,
157,Southern Ocean Medical Center at Hackensack Meridian Health,6220585,6220585,1140 Route 72 West,Manahawkin,New Jersey,NJ,08050-2499,39.7211,-74.2853,"New York, NY",,(609) 978-8900,https://health.usnews.com/best-hospitals/area/nj/southern-ocean-county-hospital-6220585,,,,,,,,"New York, NY",False,,False,1,0,0,2023-01-04 20:48:35.731110,,,,,,,,
158,South Oaks Hospital,6210150,6210150,400 Sunrise Highway,Amityville,New York,NY,11701-2508,40.6852,-73.4222,"New York, NY",,(631) 264-4000,https://health.usnews.com/best-hospitals/area/ny/south-oaks-hospital-6210150,,,,,,,,"New York, NY",False,,False,0,0,0,2023-01-04 20:48:35.731110,,,,,,,,
159,Specialty Hospital of Central Jersey,6220031,6220031,"600 River Avenue, 4 and 5 West",Lakewood,New Jersey,NJ,08701-5237,40.073,-74.2187,"New York, NY",,(732) 942-3588,https://health.usnews.com/best-hospitals/area/nj/specialty-hospital-at-kimball-6220031,,,,,,,,"New York, NY",False,,False,0,0,0,2023-01-04 20:48:35.731110,,,,,,,,
160,St. Barnabas Hospital,6210034,6210034,4422 Third Avenue,Bronx,New York,NY,10457-2545,40.8539,-73.8904,"New York, NY",,(718) 960-9000,https://health.usnews.com/best-hospitals/area/ny/st-barnabas-hospital-6210034,,,,,,,,"New York, NY",False,,False,0,0,0,2023-01-04 20:48:35.731110,,,,,,,,
161,St. Catherine of Siena Hospital,6214616,6214616,50 Route 25-A,Smithtown,New York,NY,11787-1348,40.8683,-73.223,"New York, NY",,(631) 862-3000,https://health.usnews.com/best-hospitals/area/ny/st-catherine-of-siena-medical-center-6214616,,,,,,,,"New York, NY",False,,False,0,0,0,2023-01-04 20:48:35.731110,,,,,,,,
162,St. Charles Hospital,6214055,6214055,200 Belle Terre Road,Port Jefferson,New York,NY,11777-1928,40.946,-73.0606,"New York, NY",,(631) 474-6000,https://health.usnews.com/best-hospitals/area/ny/st-charles-hospital-6214055,,,,,,,,"New York, NY",False,,False,0,0,0,2023-01-04 20:48:35.731110,,,,,,,,
163,St. Clare's Denville Hospital,6220105,6220105,25 Pocono Road,Denville,New Jersey,NJ,07834-2954,40.8952,-74.4654,"New York, NY",,(973) 625-6000,https://health.usnews.com/best-hospitals/area/nj/st-clares-hospital-6220105,,,,,,,,"New York, NY",False,,False,0,0,0,2023-01-04 20:48:35.731110,St. Clare's Denville Hospital,IHQCANC,17.4/100,,,,adult,2023-01-04 20:29:21.680567
164,St. John's Episcopal Hospital-South Shore,6211570,6211570,327 Beach 19th Street,Far Rockaway,New York,NY,11691-4423,40.5987,-73.7532,"New York, NY",,(718) 869-7000,https://health.usnews.com/best-hospitals/area/ny/st-johns-episcopal-hospital-6211570,,,,,,,,"New York, NY",False,,False,0,0,0,2023-01-04 20:48:35.731110,,,,,,,,
165,St. John's Riverside Hospital,6210039,6210039,967 North Broadway,Yonkers,New York,NY,10701-1399,40.9688,-73.8863,"New York, NY",,(914) 964-4444,https://health.usnews.com/best-hospitals/area/ny/st-johns-riverside-hospital-6210039,,,,,,,,"New York, NY",False,,False,0,0,0,2023-01-04 20:48:35.731110,,,,,,,,
166,St. Joseph Hospital-Bethpage,6210335,6210335,4295 Hempstead Turnpike,Bethpage,New York,NY,11714-5769,40.7271,-73.4789,"New York, NY",,(516) 520-2500,https://health.usnews.com/best-hospitals/area/ny/st-joseph-hospital-6210335,,,,,,,,"New York, NY",False,,False,0,0,0,2023-01-04 20:48:35.731110,,,,,,,,
167,St. Joseph's Children's Hospital,6221120,PA6221120,703 Main Street,Paterson,New Jersey,NJ,07503-2691,40.9023,-74.1661,"New York, NY",,(973) 754-2000,https://health.usnews.com/best-hospitals/area/nj/st-josephs-childrens-hospital-paterson-nj-PA6221120,,,,,,,,"New York, NY",False,,False,0,0,0,2023-01-04 20:48:35.731110,,,,,,,,
168,St. Joseph's Medical Center-Yonkers,6215460,6215460,127 South Broadway,Yonkers,New York,NY,10701-4006,40.9293,-73.8979,"New York, NY",,(914) 378-7000,https://health.usnews.com/best-hospitals/area/ny/st-josephs-medical-center-6215460,,,,,,,,"New York, NY",False,,False,0,0,0,2023-01-04 20:48:35.731110,,,,,,,,
169,St. Joseph's University Medical Center,6221120,6221120,703 Main Street,Paterson,New Jersey,NJ,07503-2691,40.9023,-74.1661,"New York, NY",,(877) 757-7547,https://health.usnews.com/best-hospitals/area/nj/st-josephs-regional-medical-center-6221120,,,,,,,,"New York, NY",False,,False,1,0,0,2023-01-04 20:48:35.731110,St. Joseph's University Medical Center,IHQCANC,35.9/100,,,,adult,2023-01-04 20:29:21.680567
170,St. Mary's General Hospital,6221070,6221070,350 Boulevard,Passaic,New Jersey,NJ,07055-2840,40.8591,-74.1373,"New York, NY",,(973) 365-4300,https://health.usnews.com/best-hospitals/area/nj/st-marys-hospital-6221070,,,,,,,,"New York, NY",False,,False,0,0,0,2023-01-04 20:48:35.731110,,,,,,,,
171,Stony Brook Children's Hospital,6214775,PA6214775,101 Nicolls Rd.,Stony Brook,New York,NY,11794-8410,40.9080137,-73.1152105,"New York, NY",,(631) 444-5437,https://health.usnews.com/best-hospitals/area/ny/stony-brook-long-island-childrens-hospital-PA6214775,,,,,,,,"New York, NY",False,,False,0,0,0,2023-01-04 20:48:35.731110,,,,,,,,
172,St. Peter's University Hospital,6220950,6220950,254 Easton Avenue,New Brunswick,New Jersey,NJ,08901-1780,40.5015,-74.4595,"New York, NY",,(732) 745-8600,https://health.usnews.com/best-hospitals/area/nj/st-peters-university-hospital-6220950,,,,,,,,"New York, NY",False,,False,0,0,0,2023-01-04 20:48:35.731110,St. Peter's University Hospital,IHQCANC,32.0/100,,,,adult,2023-01-04 20:29:21.680567
173,Summit Oaks Hospital,6221360,6221360,19 Prospect Street,Summit,New Jersey,NJ,07901-2530,40.7141,-74.3626,"New York, NY",,(908) 522-7000,https://health.usnews.com/best-hospitals/area/nj/summit-oaks-hospital-6221360,,,,,,,,"New York, NY",False,,False,0,0,0,2023-01-04 20:48:35.731110,,,,,,,,
174,SUNY Downstate Medical Center University Hospital,6210469,6210469,450 Clarkson Avenue,Brooklyn,New York,NY,11203-2012,40.6557,-73.9458,"New York, NY",,(718) 270-1000,https://health.usnews.com/best-hospitals/area/ny/suny-downstate-medical-center-university-hospital-6210469,,,,,,,,"New York, NY",False,,False,0,0,0,2023-01-04 20:48:35.731110,SUNY Downstate Medical Center University Hospital,IHQCANC,25.4/100,,,,adult,2023-01-04 20:29:21.680567
175,Terence Cardinal Cooke Health Care Center,6210266,6210266,1249 Fifth Avenue,New York,New York,NY,10029-4413,40.7936,-73.9506,"New York, NY",,(212) 360-1000,https://health.usnews.com/best-hospitals/area/ny/terence-cardinal-cooke-health-care-center-6210266,,,,,,,,"New York, NY",False,,False,0,0,0,2023-01-04 20:48:35.731110,,,,,,,,
176,Trinitas Regional Medical Center,6220001,6220001,225 Williamson Street,Elizabeth,New Jersey,NJ,07202-3625,40.6598,-74.214,"New York, NY",,(908) 994-5000,https://health.usnews.com/best-hospitals/area/nj/trinitas-regional-medical-center-6220001,,,,,,,,"New York, NY",False,,False,0,0,0,2023-01-04 20:48:35.731110,,,,,,,,
177,University Behavioral Healthcare-Piscataway,6221165,6221165,671 Hoes Lane West,Piscataway,New Jersey,NJ,08854-8021,40.5256,-74.4706,"New York, NY",,(732) 235-5900,https://health.usnews.com/best-hospitals/area/nj/university-of-medicine-and-dentistry-of-new-jersey-university-behavi-6221165,,,,,,,,"New York, NY",False,,False,0,0,0,2023-01-04 20:48:35.731110,,,,,,,,
178,University Hospital-Newark,6220785,6220785,150 Bergen Street,Newark,New Jersey,NJ,07103-2496,40.7406,-74.1911,"New York, NY",,(973) 972-4300,https://health.usnews.com/best-hospitals/area/nj/university-hospital-6220785,,,,,,,,"New York, NY",False,,False,0,0,0,2023-01-04 20:48:35.731110,,,,,,,,
179,Veterans Affairs Hudson Valley Health Care System-Montrose,6210028,6210028,2094 Albany Post Road,Montrose,New York,NY,10548-1454,41.2443,-73.926,"New York, NY",,(914) 737-4400,https://health.usnews.com/best-hospitals/area/ny/veterans-affairs-hudson-valley-health-care-system-fd-roosevelt-hosp-6210028,,,,,,,,"New York, NY",False,,False,0,0,0,2023-01-04 20:48:35.731110,,,,,,,,
180,Veterans Affairs New Jersey Health Care System-East Orange,6220006,6220006,385 Tremont Avenue,East Orange,New Jersey,NJ,07018-1095,40.7527,-74.2361,"New York, NY",,(973) 676-1000,https://health.usnews.com/best-hospitals/area/nj/veterans-affairs-new-jersey-health-care-system-6220006,,,,,,,,"New York, NY",False,,False,0,0,0,2023-01-04 20:48:35.731110,,,,,,,,
181,Veterans Affairs New York Harbor Healthcare System-Brooklyn,6210035,6210035,800 Poly Place,Brooklyn,New York,NY,11209-7104,40.6068,-74.0212,"New York, NY",,(718) 630-3500,https://health.usnews.com/best-hospitals/area/ny/veterans-administration-new-york-harbor-healthcare-system-6210035,,,,,,,,"New York, NY",False,,False,0,0,0,2023-01-04 20:48:35.731110,,,,,,,,
182,Westchester Medical Center,6215150,6215150,100 Woods Road,Valhalla,New York,NY,10595-1530,41.0862,-73.806,"New York, NY",,(914) 493-7000,https://health.usnews.com/best-hospitals/area/ny/westchester-medical-center-6215150,,,,,,,,"New York, NY",False,,False,0,0,0,2023-01-04 20:48:35.731110,Westchester Medical Center,IHQCANC,41.0/100,,,,adult,2023-01-04 20:29:21.680567
183,Wyckoff Heights Medical Center,6210970,PA6210970,374 Stockholm Street,Brooklyn,New York,NY,11237-4006,40.7043,-73.9181,"New York, NY",,(718) 963-7272,https://health.usnews.com/best-hospitals/area/ny/wyckoff-heights-medical-center-PA6210970,,,,,,,,"New York, NY",False,,False,0,0,0,2023-01-04 20:48:35.731110,,,,,,,,
184,Wyckoff Heights Medical Center,6210970,6210970,374 Stockholm Street,Brooklyn,New York,NY,11237-4006,40.7043,-73.9181,"New York, NY",,(718) 963-7272,https://health.usnews.com/best-hospitals/area/ny/wyckoff-heights-medical-center-6210970,,,,,,,,"New York, NY",False,,False,0,0,0,2023-01-04 20:48:35.731110,,,,,,,,
